Event ID,Image URL,Date String,Title,Venue Name,Venue Address,Event URL,Age Restriction,Event Date
324411,https://d2po6uops3e7id.cloudfront.net/img/logo/icon-square-transparent-bg-web.svg,"Wed, Apr 24",Strut SF & F8 Present: Garth,F8,"1192 Folsom St, San Francisco, CA 94103, USA",https://edmtrain.com/san-francisco-ca/strut-sf-and-f8-present-garth-324411,All Ages,2024-04-24
315202,https://d2po6uops3e7id.cloudfront.net/img/artist/Tep%20No.jpg?v=2,"Thu, Apr 25","Tep No, Yuka Yu",Rickshaw Stop,"155 Fell St, San Francisco, CA 94102, USA",https://edmtrain.com/san-francisco-ca/tep-no-yuka-yu-315202,All Ages,2024-04-25
315250,https://d2po6uops3e7id.cloudfront.net/img/artist/MEUTE.jpg?v=2,"Thu, Apr 25",MEUTE,The Midway,"900 Marin St, San Francisco, CA 94124, USA",https://edmtrain.com/san-francisco-ca/meute-315250,21+,2024-04-25
328108,https://d2po6uops3e7id.cloudfront.net/img/logo/icon-square-transparent-bg-web.svg,"Thu, Apr 25",Afro Thursdays,F8,"1192 Folsom St, San Francisco, CA 94103, USA",https://edmtrain.com/san-francisco-ca/afro-thursdays-328108,All Ages,2024-04-25
299240,https://d2po6uops3e7id.cloudfront.net/img/artist/Dombresky.jpg?v=3,"Fri, Apr 26",Dombresky,The Midway,"900 Marin St, San Francisco, CA 94124, USA",https://edmtrain.com/san-francisco-ca/dombresky-299240,21+,2024-04-26
310657,https://d2po6uops3e7id.cloudfront.net/img/artist/Hudson%20Mohawke.jpg?v=3,"Fri, Apr 26","Hudson Mohawke, Nikki Nair, Kush Jones",1015 Folsom,"1015 Folsom St, San Francisco, CA 94103, USA",https://edmtrain.com/san-francisco-ca/hudson-mohawke-nikki-nair-310657,21+,2024-04-26
314805,https://d2po6uops3e7id.cloudfront.net/img/artist/Maddix.jpg?v=1,"Fri, Apr 26","Dreamstate Presents: Maddix, Yoji Biomehanika",Public Works,"161 Erie St, San Francisco, CA 94103, USA",https://edmtrain.com/san-francisco-ca/dreamstate-presents-maddix-314805,21+,2024-04-26
317370,https://d2po6uops3e7id.cloudfront.net/img/artist/Opiuo.jpg?v=3,"Fri, Apr 26","Opiuo, Thought Process",UC Theatre,"2036 University Ave, Berkeley, CA 94704, USA",https://edmtrain.com/san-francisco-ca/opiuo-thought-process-317370,All Ages,2024-04-26
318650,https://d2po6uops3e7id.cloudfront.net/img/artist/Mahmut%20Orhan.jpg?v=1,"Fri, Apr 26","Mahmut Orhan, Jonas Saalbach, Berry B",SVN West,"10 Van Ness Ave, San Francisco, CA 94103, USA",https://edmtrain.com/san-francisco-ca/mahmut-orhan-jonas-saalbach-318650,21+,2024-04-26
325445,https://d2po6uops3e7id.cloudfront.net/img/artist/Jack%20Beats.jpg?v=3,"Fri, Apr 26",Jack Beats,Audio,"316 11th St, San Francisco, CA 94103, USA",https://edmtrain.com/san-francisco-ca/jack-beats-325445,21+,2024-04-26
320120,https://d2po6uops3e7id.cloudfront.net/img/artist/Jay%20Lumen.jpg?v=3,"Fri, Apr 26",Jay Lumen,Halcyon SF,"314 11th St, San Francisco, CA 94103, USA",https://edmtrain.com/san-francisco-ca/jay-lumen-320120,21+,2024-04-26
325218,https://d2po6uops3e7id.cloudfront.net/img/artist/DirtySnatcha.jpg?v=1,"Fri, Apr 26","Catacombs of Riddim: DirtySnatcha, Bonkerz, spellthief, BTCHAZZ b2b Vulture, VBRVMS b2b Alfa b2b Vixxx, Sidehvstle, Lunatic, Thyone, Tbub b2b Everyside, UVA, Magnanite",DNA Lounge,"375 11th St, San Francisco, CA 94103, USA",https://edmtrain.com/san-francisco-ca/catacombs-of-riddim-dirtysnatcha-325218,All Ages,2024-04-26
326727,https://d2po6uops3e7id.cloudfront.net/img/logo/icon-square-transparent-bg-web.svg,"Fri, Apr 26",FRED AGAIN | DISCLOSURE and More Tribute party. HELP ME LOSE MY MIND,Monarch SF,"101 6th St, San Francisco, CA 94103, USA",https://edmtrain.com/san-francisco-ca/fred-again-disclosure-and-more-tribute-party-help-me-lose-my-mind-326727,21+,2024-04-26
328823,https://d2po6uops3e7id.cloudfront.net/img/event/328823.jpg?v=1,"Fri, Apr 26","Blends & Trends Takeover: SirSlushAlot, Lox, Sabi, Candee Beats, Nyctea, Moray Rivers",Fluid 510,"1544 Broadway, Oakland, CA 94612, USA",https://edmtrain.com/san-francisco-ca/blends-and-trends-takeover-sirslushalot-328823,All Ages,2024-04-26
320304,https://d2po6uops3e7id.cloudfront.net/img/artist/Axel%20Boman.jpg?v=3,"Fri, Apr 26","Axel Boman, Kornél Kovács, Pedrodollar",The Great Northern,"119 Utah St, San Francisco, CA 94103, USA",https://edmtrain.com/san-francisco-ca/axel-boman-kornel-kovacs-320304,21+,2024-04-26
326865,https://d2po6uops3e7id.cloudfront.net/img/event/326865.jpg?v=1,"Fri, Apr 26",Washburn Collective Backroom Takeover,F8,"1192 Folsom St, San Francisco, CA 94103, USA",https://edmtrain.com/san-francisco-ca/washburn-collective-backroom-takeover-326865,All Ages,2024-04-26
293664,https://d2po6uops3e7id.cloudfront.net/img/artist/Dabin.jpg?v=4,"Sat, Apr 27",Dabin,Frost Amphitheater at Stanford,"365 Lasuen St, Stanford, CA 94305",https://edmtrain.com/san-francisco-ca/dabin-293664,18+,2024-04-27
320991,https://d2po6uops3e7id.cloudfront.net/img/artist/il%3Alo.jpg?v=1,"Sat, Apr 27","il:lo, Frameworks",The Chapel,"777 Valencia St, San Francisco, CA 94110, USA",https://edmtrain.com/san-francisco-ca/il-lo-frameworks-320991,All Ages,2024-04-27
325710,https://d2po6uops3e7id.cloudfront.net/img/logo/icon-square-transparent-bg-web.svg,"Sat, Apr 27",Indo Warehouse,Audio,"316 11th St, San Francisco, CA 94103, USA",https://edmtrain.com/san-francisco-ca/indo-warehouse-325710,21+,2024-04-27
327714,https://d2po6uops3e7id.cloudfront.net/img/artist/Dabin.jpg?v=4,"Sat, Apr 27",Dabin,The Midway,"900 Marin St, San Francisco, CA 94124, USA",https://edmtrain.com/san-francisco-ca/dabin-327714,All Ages,2024-04-27
300358,https://d2po6uops3e7id.cloudfront.net/img/artist/Minnesota.jpg?v=3,"Sat, Apr 27","Minnesota, Abelation, Eastghost",Public Works,"161 Erie St, San Francisco, CA 94103, USA",https://edmtrain.com/san-francisco-ca/minnesota-abelation-300358,21+,2024-04-27
313740,https://d2po6uops3e7id.cloudfront.net/img/artist/Levity.jpg?v=1,"Sat, Apr 27","Levity, Nikita the Wicked, Asilo",Cornerstone,"2367 Shattuck Ave., Berkeley, CA 94704, USA",https://edmtrain.com/san-francisco-ca/levity-nikita-the-wicked-313740,18+,2024-04-27
327386,https://d2po6uops3e7id.cloudfront.net/img/artist/MashBit.jpg?v=2,"Sat, Apr 27","MashBit, ARAYA, Eyezick",YOLO Nightclub,"333 11th St, San Francisco, CA 94103, USA",https://edmtrain.com/san-francisco-ca/mashbit-araya-327386,All Ages,2024-04-27
328496,https://d2po6uops3e7id.cloudfront.net/img/logo/icon-square-transparent-bg-web.svg,"Sat, Apr 27","Texture Summit & Yerba Buena Estudio Present: Tommy Pickles, Sinéad, Farsight, Zacky, LOUIV, Femmelectric, abraham.rh",San Francisco,"San Francisco, CA",https://edmtrain.com/san-francisco-ca/texture-summit-and-yerba-buena-estudio-present-tommy-pickles-328496,All Ages,2024-04-27
329337,https://d2po6uops3e7id.cloudfront.net/img/event/329337.jpg?v=1,"Sat, Apr 27","DRG 1-Year Anniversary: NEM, Ed Hoffman, Spacious b2b Chaos, Luke Petruzzi",Decodance,"1160 Polk St, San Francisco, CA 94109, USA",https://edmtrain.com/san-francisco-ca/drg-1-year-anniversary-nem-329337,All Ages,2024-04-27
329477,https://d2po6uops3e7id.cloudfront.net/img/artist/Beau%20Wanzer.jpg?v=1,"Sat, Apr 27","Katabatik & Immortal Sin: Beau Wanzer, Group Rhoda, Only Now, Atlea, Topazu, Tyrel Williams, C.L.A.W.S.",F8,"1192 Folsom St, San Francisco, CA 94103, USA",https://edmtrain.com/san-francisco-ca/katabatik-and-immortal-sin-beau-wanzer-329477,All Ages,2024-04-27
313794,https://d2po6uops3e7id.cloudfront.net/img/artist/Goldcap.jpg?v=1,"Sat, Apr 27",SET & Safra Present: Goldcap,Harlot,"46 Minna St, San Francisco, CA 94105, USA",https://edmtrain.com/san-francisco-ca/set-and-safra-present-goldcap-313794,All Ages,2024-04-27
317846,https://d2po6uops3e7id.cloudfront.net/img/artist/Ewan%20McVicar.jpg?v=1,"Sat, Apr 27",Ewan McVicar,Monarch SF,"101 6th St, San Francisco, CA 94103, USA",https://edmtrain.com/san-francisco-ca/ewan-mcvicar-317846,21+,2024-04-27
320202,https://d2po6uops3e7id.cloudfront.net/img/artist/Mal%C3%B3ne.jpg?v=2,"Sat, Apr 27",Malóne,Halcyon SF,"314 11th St, San Francisco, CA 94103, USA",https://edmtrain.com/san-francisco-ca/malone-320202,21+,2024-04-27
321554,https://d2po6uops3e7id.cloudfront.net/img/logo/icon-square-transparent-bg-web.svg,"Sat, Apr 27",Space Factory,DNA Lounge,"375 11th St, San Francisco, CA 94103, USA",https://edmtrain.com/san-francisco-ca/space-factory-321554,All Ages,2024-04-27
327094,https://d2po6uops3e7id.cloudfront.net/img/artist/Kaz%20James.jpg?v=1,"Sat, Apr 27",LE CLUB PRESENTS: Kaz James,San Francisco,"San Francisco, CA",https://edmtrain.com/san-francisco-ca/le-club-presents-kaz-james-327094,All Ages,2024-04-27
327825,https://d2po6uops3e7id.cloudfront.net/img/logo/icon-square-transparent-bg-web.svg,"Sat, Apr 27",Invasion Day - Seize The Bass,DNA Lounge (Main Room),"375 11th St, San Francisco, CA 94103, USA",https://edmtrain.com/san-francisco-ca/invasion-day-seize-the-bass-327825,All Ages,2024-04-27
293665,https://d2po6uops3e7id.cloudfront.net/img/artist/Dabin.jpg?v=4,"Sun, Apr 28","Dabin, Jai Wolf, k?d, Tiffany Day, Nikademis",Frost Amphitheater at Stanford,"365 Lasuen St, Stanford, CA 94305",https://edmtrain.com/san-francisco-ca/dabin-jai-wolf-293665,18+,2024-04-28
327382,https://d2po6uops3e7id.cloudfront.net/img/event/327382.jpg?v=1,"Sun, Apr 28","CYBER SUNDAY - SF IS DEAD. LONG LIVE SF - SEAN OCEAN, MELTING GIRL, KNIGHT2000, NEBAKANEZA (FREE): Nebakaneza, Knight2000, Sean Ocean, Melting Girl",Cat Club,"1190 Folsom St, San Francisco, CA 94103, USA",https://edmtrain.com/san-francisco-ca/cyber-sunday-sf-is-dead-long-live-sf-sean-ocean-melting-girl-knight2000-nebakaneza-free-nebakaneza-327382,All Ages,2024-04-28
327786,https://d2po6uops3e7id.cloudfront.net/img/artist/Chris%20Irvin.jpg?v=1,"Sun, Apr 28","Sindustry Sundays: Chris Irvin, Jeff Straw",Butter,"354 11th St, San Francisco, CA 94103, USA",https://edmtrain.com/san-francisco-ca/sindustry-sundays-chris-irvin-327786,All Ages,2024-04-28
326095,https://d2po6uops3e7id.cloudfront.net/img/event/326095.jpg?v=1,"Wed, May 01","San Francisco International Arts Festival: Sofus Forsberg, Annika Lewis, Lisbeth Sonne Andersen, Johan Svensson, Erik Pold",Mission Cultural Center for Latino Arts,"2868 Mission St, San Francisco, CA 94110, USA",https://edmtrain.com/san-francisco-ca/san-francisco-international-arts-festival-sofus-forsberg-326095,All Ages,2024-05-01
313467,https://d2po6uops3e7id.cloudfront.net/img/artist/Eliminate.jpg?v=4,"Thu, May 02",Eliminate,1015 Folsom,"1015 Folsom St, San Francisco, CA 94103, USA",https://edmtrain.com/san-francisco-ca/eliminate-313467,21+,2024-05-02
327277,https://d2po6uops3e7id.cloudfront.net/img/artist/Aluna%20%28of%20AlunaGeorge%29.jpg?v=2,"Thu, May 02",Aluna (of AlunaGeorge),Storek,"149 9th St, San Francisco, CA 94103, USA",https://edmtrain.com/san-francisco-ca/aluna-of-alunageorge-327277,All Ages,2024-05-02
325418,https://d2po6uops3e7id.cloudfront.net/img/artist/OTR.jpg?v=1,"Thu, May 02","OTR, Forester",Monarch SF,"101 6th St, San Francisco, CA 94103, USA",https://edmtrain.com/san-francisco-ca/otr-forester-325418,21+,2024-05-02
302469,https://d2po6uops3e7id.cloudfront.net/img/artist/INZO.jpg?v=2,"Fri, May 03","INZO, Tripp St., Dreamers Delight, Blookah, Lhasa Petik",The Midway,"900 Marin St, San Francisco, CA 94124, USA",https://edmtrain.com/san-francisco-ca/inzo-tripp-st-302469,21+,2024-05-03
310669,https://d2po6uops3e7id.cloudfront.net/img/artist/OCULA.jpg?v=1,"Fri, May 03",OCULA,Audio,"316 11th St, San Francisco, CA 94103, USA",https://edmtrain.com/san-francisco-ca/ocula-310669,21+,2024-05-03
312310,https://d2po6uops3e7id.cloudfront.net/img/artist/San%20Pacho.jpg?v=1,"Fri, May 03",San Pacho,1015 Folsom,"1015 Folsom St, San Francisco, CA 94103, USA",https://edmtrain.com/san-francisco-ca/san-pacho-312310,21+,2024-05-03
319962,https://d2po6uops3e7id.cloudfront.net/img/artist/bad%20tuner.jpg?v=1,"Fri, May 03",bad tuner,Monarch SF,"101 6th St, San Francisco, CA 94103, USA",https://edmtrain.com/san-francisco-ca/bad-tuner-319962,21+,2024-05-03
311705,https://d2po6uops3e7id.cloudfront.net/img/artist/Nico%20De%20Andrea.jpg?v=1,"Fri, May 03","Nico De Andrea, Nile, Teego, Elias",Audio,"316 11th St, San Francisco, CA 94103, USA",https://edmtrain.com/san-francisco-ca/nico-de-andrea-nile-311705,21+,2024-05-03
322737,https://d2po6uops3e7id.cloudfront.net/img/artist/DJ%20Minx.jpg?v=1,"Fri, May 03","AYLI & PW Present: DJ Minx, Hiroko Yamamura, Femmelectric, ARDI",Public Works,"161 Erie St, San Francisco, CA 94103, USA",https://edmtrain.com/san-francisco-ca/ayli-and-pw-present-dj-minx-322737,21+,2024-05-03
324112,https://d2po6uops3e7id.cloudfront.net/img/artist/Space%2092.jpg?v=1,"Fri, May 03",Space 92,Halcyon SF,"314 11th St, San Francisco, CA 94103, USA",https://edmtrain.com/san-francisco-ca/space-92-324112,21+,2024-05-03
328140,https://d2po6uops3e7id.cloudfront.net/img/logo/icon-square-transparent-bg-web.svg,"Fri, May 03",Housekeeping Takeover,Hawthorn Lounge,"46 Geary St, San Francisco, CA 94108, USA",https://edmtrain.com/san-francisco-ca/housekeeping-takeover-328140,All Ages,2024-05-03
329391,https://d2po6uops3e7id.cloudfront.net/img/artist/Julienne%20By.jpg?v=1,"Fri, May 03",Julienne By,YOLO Nightclub,"333 11th St, San Francisco, CA 94103, USA",https://edmtrain.com/san-francisco-ca/julienne-by-329391,All Ages,2024-05-03
310349,https://d2po6uops3e7id.cloudfront.net/img/artist/Durante.jpg?v=1,"Sat, May 04",Durante,Audio,"316 11th St, San Francisco, CA 94103, USA",https://edmtrain.com/san-francisco-ca/durante-310349,21+,2024-05-04
314225,https://d2po6uops3e7id.cloudfront.net/img/artist/VNSSA.jpg?v=1,"Sat, May 04","VNSSA, Kevin Knapp",San Francisco Mint,"88 5th St, San Francisco, CA 94103, USA",https://edmtrain.com/san-francisco-ca/vnssa-kevin-knapp-314225,21+,2024-05-04
316011,https://d2po6uops3e7id.cloudfront.net/img/artist/LF%20System.jpg?v=1,"Sat, May 04",LF System,The Great Northern,"119 Utah St, San Francisco, CA 94103, USA",https://edmtrain.com/san-francisco-ca/lf-system-316011,21+,2024-05-04
317047,https://d2po6uops3e7id.cloudfront.net/img/artist/Cloonee.jpg?v=1,"Sat, May 04",Cloonee,Cow Palace,"2600 Geneva Ave, Daly City, CA 94014, USA",https://edmtrain.com/san-francisco-ca/cloonee-317047,All Ages,2024-05-04
320808,https://d2po6uops3e7id.cloudfront.net/img/artist/Deorro.jpg?v=4,"Sat, May 04",Deorro,Palace of Fine Arts,"3301 Lyon St, San Francisco, CA 94123, USA",https://edmtrain.com/san-francisco-ca/deorro-320808,All Ages,2024-05-04
316056,https://d2po6uops3e7id.cloudfront.net/img/artist/Double%20Touch.jpg?v=1,"Sat, May 04",Safra & Konnekted Present: Double Touch,Harlot,"46 Minna St, San Francisco, CA 94105, USA",https://edmtrain.com/san-francisco-ca/safra-and-konnekted-present-double-touch-316056,All Ages,2024-05-04
324364,https://d2po6uops3e7id.cloudfront.net/img/artist/KILL%20SCRIPT.jpg?v=1,"Sat, May 04",KILL SCRIPT,Halcyon SF,"314 11th St, San Francisco, CA 94103, USA",https://edmtrain.com/san-francisco-ca/kill-script-324364,21+,2024-05-04
325606,https://d2po6uops3e7id.cloudfront.net/img/event/325606.jpg?v=1,"Sat, May 04",The Masquerade Ball,Clift Hotel,"495 Geary St, San Francisco, CA 94102, USA",https://edmtrain.com/san-francisco-ca/the-masquerade-ball-325606,All Ages,2024-05-04
325939,https://d2po6uops3e7id.cloudfront.net/img/artist/SOEL.jpg?v=2,"Sat, May 04","SOEL, Lauren Mia",Public Works,"161 Erie St, San Francisco, CA 94103, USA",https://edmtrain.com/san-francisco-ca/soel-lauren-mia-325939,21+,2024-05-04
328404,https://d2po6uops3e7id.cloudfront.net/img/logo/icon-square-transparent-bg-web.svg,"Sat, May 04","Nate Rioz, Marie Posa, Wraith, DJ G4",Hawthorn Lounge,"46 Geary St, San Francisco, CA 94108, USA",https://edmtrain.com/san-francisco-ca/nate-rioz-marie-posa-328404,All Ages,2024-05-04
323922,https://d2po6uops3e7id.cloudfront.net/img/logo/icon-square-transparent-bg-web.svg,"Sat, May 04",Club Blush - An Ethereal & Euphoric Dance Night,The Loft at Public Works,"161 Erie St, San Francisco, CA 94103, USA",https://edmtrain.com/san-francisco-ca/club-blush-an-ethereal-and-euphoric-dance-night-323922,All Ages,2024-05-04
324634,https://d2po6uops3e7id.cloudfront.net/img/artist/Doc%20Martin.jpg?v=2,"Sat, May 04",Doc Martin,Monarch SF,"101 6th St, San Francisco, CA 94103, USA",https://edmtrain.com/san-francisco-ca/doc-martin-324634,All Ages,2024-05-04
315890,https://d2po6uops3e7id.cloudfront.net/img/logo/icon-square-transparent-bg-web.svg,"Sun, May 05","Rosie Fingers, Bare Chest Calendar Men",DNA Lounge,"375 11th St, San Francisco, CA 94103, USA",https://edmtrain.com/san-francisco-ca/rosie-fingers-bare-chest-calendar-men-315890,All Ages,2024-05-05
326301,https://d2po6uops3e7id.cloudfront.net/img/logo/icon-square-transparent-bg-web.svg,"Sun, May 05",Summertime Radness,Phoenix Hotel,"601 Eddy St, San Francisco, CA 94109, USA",https://edmtrain.com/san-francisco-ca/summertime-radness-326301,21+,2024-05-05
305570,https://d2po6uops3e7id.cloudfront.net/img/artist/Nico%20Moreno.jpg?v=1,"Thu, May 09",Nico Moreno,1015 Folsom,"1015 Folsom St, San Francisco, CA 94103, USA",https://edmtrain.com/san-francisco-ca/nico-moreno-305570,21+,2024-05-09
311557,https://d2po6uops3e7id.cloudfront.net/img/artist/Snow%20Strippers.jpg?v=1,"Fri, May 10","Snow Strippers, Ayesha Erotica, Elusin",Regency Ballroom,"1290 Sutter St, San Francisco, CA 94109, USA",https://edmtrain.com/san-francisco-ca/snow-strippers-ayesha-erotica-311557,All Ages,2024-05-10
311611,https://d2po6uops3e7id.cloudfront.net/img/artist/Nico%20De%20Andrea.jpg?v=1,"Fri, May 10","Nico De Andrea, Nile, Elias, Teego, Mazo",Audio,"316 11th St, San Francisco, CA 94103, USA",https://edmtrain.com/san-francisco-ca/nico-de-andrea-nile-311611,21+,2024-05-10
315903,https://d2po6uops3e7id.cloudfront.net/img/artist/Borgore.jpg?v=4,"Fri, May 10",Borgore,August Hall,"420 Mason St, San Francisco, CA 94102, USA",https://edmtrain.com/san-francisco-ca/borgore-315903,21+,2024-05-10
322519,https://d2po6uops3e7id.cloudfront.net/img/artist/Chet%20Porter.jpg?v=2,"Fri, May 10","Chet Porter, Hot Freaks, Orno",Rickshaw Stop,"155 Fell St, San Francisco, CA 94102, USA",https://edmtrain.com/san-francisco-ca/chet-porter-hot-freaks-322519,18+,2024-05-10
324102,https://d2po6uops3e7id.cloudfront.net/img/artist/Hernan%20Cattaneo.jpg?v=3,"Fri, May 10","Hernan Cattaneo, Enamour, Kora",The Midway,"900 Marin St, San Francisco, CA 94124, USA",https://edmtrain.com/san-francisco-ca/hernan-cattaneo-enamour-324102,21+,2024-05-10
319693,https://d2po6uops3e7id.cloudfront.net/img/artist/Andrew%20Rayel.jpg?v=3,"Fri, May 10",Dreamstate Presents: Andrew Rayel,Public Works,"161 Erie St, San Francisco, CA 94103, USA",https://edmtrain.com/san-francisco-ca/dreamstate-presents-andrew-rayel-319693,21+,2024-05-10
324369,https://d2po6uops3e7id.cloudfront.net/img/logo/icon-square-transparent-bg-web.svg,"Fri, May 10","Kumo 99, Cel Genesis, Izzy Camina",Thee Parkside,"1600 17th St, San Francisco, CA 94107, USA",https://edmtrain.com/san-francisco-ca/kumo-99-cel-genesis-324369,All Ages,2024-05-10
325838,https://d2po6uops3e7id.cloudfront.net/img/artist/1788-L.jpg?v=1,"Fri, May 10",1788-L,The Midway,"900 Marin St, San Francisco, CA 94124, USA",https://edmtrain.com/san-francisco-ca/1788-l-325838,All Ages,2024-05-10
327056,https://d2po6uops3e7id.cloudfront.net/img/artist/Guz.jpg?v=1,"Fri, May 10",Guz,Halcyon SF,"314 11th St, San Francisco, CA 94103, USA",https://edmtrain.com/san-francisco-ca/guz-327056,21+,2024-05-10
327525,https://d2po6uops3e7id.cloudfront.net/img/artist/demotapes.jpg?v=1,"Fri, May 10","closessions x Tabula Rasa pres - Textures: demotapes, Canary Yellow, RamonPang, Keenan Mathias, Clearcast, Falldren, Kwohla, Bokeh, Norae",Monarch SF,"101 6th St, San Francisco, CA 94103, USA",https://edmtrain.com/san-francisco-ca/closessions-x-tabula-rasa-pres-textures-demotapes-327525,21+,2024-05-10
325729,https://d2po6uops3e7id.cloudfront.net/img/logo/icon-square-transparent-bg-web.svg,"Fri, May 10",Alex Tolstey Boshke,DNA Lounge,"375 11th St, San Francisco, CA 94103, USA",https://edmtrain.com/san-francisco-ca/alex-tolstey-boshke-325729,All Ages,2024-05-10
325930,https://d2po6uops3e7id.cloudfront.net/img/artist/Pippi%20Ciez.jpg?v=1,"Fri, May 10",ALL I NEED: Pippi Ciez,Harlot,"46 Minna St, San Francisco, CA 94105, USA",https://edmtrain.com/san-francisco-ca/all-i-need-pippi-ciez-325930,All Ages,2024-05-10
307979,https://d2po6uops3e7id.cloudfront.net/img/artist/Carl%20Cox.jpg?v=3,"Sat, May 11","Carl Cox, Eli Brown, Nicole Moudaber, Deep Dish",The Midway,"900 Marin St, San Francisco, CA 94124, USA",https://edmtrain.com/san-francisco-ca/carl-cox-eli-brown-307979,21+,2024-05-11
314227,https://d2po6uops3e7id.cloudfront.net/img/artist/What%20So%20Not.jpg?v=5,"Sat, May 11",What So Not,San Francisco Mint,"88 5th St, San Francisco, CA 94103, USA",https://edmtrain.com/san-francisco-ca/what-so-not-314227,21+,2024-05-11
321206,https://d2po6uops3e7id.cloudfront.net/img/artist/Hana.jpg?v=1,"Sat, May 11",Hana,Monarch SF,"101 6th St, San Francisco, CA 94103, USA",https://edmtrain.com/san-francisco-ca/hana-321206,21+,2024-05-11
310145,https://d2po6uops3e7id.cloudfront.net/img/logo/icon-square-transparent-bg-web.svg,"Sat, May 11","Shed, KIA, dBridge",Public Works,"161 Erie St, San Francisco, CA 94103, USA",https://edmtrain.com/san-francisco-ca/shed-kia-310145,21+,2024-05-11
321603,https://d2po6uops3e7id.cloudfront.net/img/artist/SpydaT.E.K.jpg?v=1,"Sat, May 11","SpydaT.E.K, Mackswell",Hawthorn Lounge,"46 Geary St, San Francisco, CA 94108, USA",https://edmtrain.com/san-francisco-ca/spydat-e-k-mackswell-321603,All Ages,2024-05-11
323059,https://d2po6uops3e7id.cloudfront.net/img/artist/Jerome%20Isma-Ae.jpg?v=3,"Sat, May 11",Jerome Isma-Ae,Halcyon SF,"314 11th St, San Francisco, CA 94103, USA",https://edmtrain.com/san-francisco-ca/jerome-isma-ae-323059,21+,2024-05-11
323875,https://d2po6uops3e7id.cloudfront.net/img/logo/icon-square-transparent-bg-web.svg,"Sat, May 11",Ahmed Spins,Audio,"316 11th St, San Francisco, CA 94103, USA",https://edmtrain.com/san-francisco-ca/ahmed-spins-323875,21+,2024-05-11
324340,https://d2po6uops3e7id.cloudfront.net/img/artist/Goshfather.jpg?v=1,"Sat, May 11","Goshfather, Spooki",Harlot,"46 Minna St, San Francisco, CA 94105, USA",https://edmtrain.com/san-francisco-ca/goshfather-spooki-324340,All Ages,2024-05-11
325722,https://d2po6uops3e7id.cloudfront.net/img/artist/Goshfather.jpg?v=1,"Sat, May 11","High Spirits - Label Launch: Goshfather, Spooki, Starfari, Snoflakez",Madarae SF,"46 Minna St, San Francisco, CA 94105, USA",https://edmtrain.com/san-francisco-ca/high-spirits-label-launch-goshfather-325722,All Ages,2024-05-11
325897,https://d2po6uops3e7id.cloudfront.net/img/artist/Daria%20Kolosova.jpg?v=1,"Sat, May 11",Liquid Entity Presents: Daria Kolosova,Club Six,"60 6th St, San Francisco, CA 94103, USA",https://edmtrain.com/san-francisco-ca/liquid-entity-presents-daria-kolosova-325897,21+,2024-05-11
314204,https://d2po6uops3e7id.cloudfront.net/img/artist/Ben%20Hemsley.jpg?v=1,"Sun, May 12",Summertime Radness: Ben Hemsley,Phoenix Hotel,"601 Eddy St, San Francisco, CA 94109, USA",https://edmtrain.com/san-francisco-ca/summertime-radness-ben-hemsley-314204,21+,2024-05-12
312311,https://d2po6uops3e7id.cloudfront.net/img/artist/Mr.%20Bill.jpg?v=3,"Thu, May 16",Mr. Bill,1015 Folsom,"1015 Folsom St, San Francisco, CA 94103, USA",https://edmtrain.com/san-francisco-ca/mr-bill-312311,21+,2024-05-16
322636,https://d2po6uops3e7id.cloudfront.net/img/artist/%C3%98TTA.jpg?v=1,"Thu, May 16","ØTTA, Fauna, Chapas, Brick",1015 Folsom,"1015 Folsom St, San Francisco, CA 94103, USA",https://edmtrain.com/san-francisco-ca/otta-fauna-322636,21+,2024-05-16
327865,https://d2po6uops3e7id.cloudfront.net/img/artist/Marcel%20Dettmann.jpg?v=3,"Thu, May 16","Marcel Dettmann, U-SRD, Milana",Public Works,"161 Erie St, San Francisco, CA 94103, USA",https://edmtrain.com/san-francisco-ca/marcel-dettmann-u-srd-327865,All Ages,2024-05-16
297353,https://d2po6uops3e7id.cloudfront.net/img/artist/Mount%20Kimbie.jpg?v=3,"Fri, May 17","The Dumb Guitar Tour: Mount Kimbie, Banksia, Chanel Beads",Great American Music Hall,"859 O'Farrell St, San Francisco, CA 94109, USA",https://edmtrain.com/san-francisco-ca/the-dumb-guitar-tour-mount-kimbie-297353,18+,2024-05-17
321001,https://d2po6uops3e7id.cloudfront.net/img/artist/Jamie%20Jones.jpg?v=3,"Fri, May 17","Factory 93 Presents: Jamie Jones, Loco Dice",The Midway,"900 Marin St, San Francisco, CA 94124, USA",https://edmtrain.com/san-francisco-ca/factory-93-presents-jamie-jones-321001,21+,2024-05-17
321864,https://d2po6uops3e7id.cloudfront.net/img/artist/Mind%20Against.jpg?v=3,"Fri, May 17",Mind Against,1015 Folsom,"1015 Folsom St, San Francisco, CA 94103, USA",https://edmtrain.com/san-francisco-ca/mind-against-321864,21+,2024-05-17
326488,https://d2po6uops3e7id.cloudfront.net/img/artist/Sidney%20Charles.jpg?v=3,"Fri, May 17",Sidney Charles,Audio,"316 11th St, San Francisco, CA 94103, USA",https://edmtrain.com/san-francisco-ca/sidney-charles-326488,21+,2024-05-17
321547,https://d2po6uops3e7id.cloudfront.net/img/artist/Bukez%20Finezt.jpg?v=1,"Fri, May 17","BABS Productions Present: Bukez Finezt, Graymatter",Continental Club Oakland,"1658 12th St, Oakland, CA 94607, USA",https://edmtrain.com/san-francisco-ca/babs-productions-present-bukez-finezt-321547,All Ages,2024-05-17
322689,https://d2po6uops3e7id.cloudfront.net/img/artist/Oden%20%26%20Fatzo.jpg?v=1,"Fri, May 17",Oden & Fatzo,Halcyon SF,"314 11th St, San Francisco, CA 94103, USA",https://edmtrain.com/san-francisco-ca/oden-and-fatzo-322689,21+,2024-05-17
323218,https://d2po6uops3e7id.cloudfront.net/img/artist/IMANU.jpg?v=2,"Fri, May 17","IMANU, UFO!, Lucy Stoner",The Loft at Public Works,"161 Erie St, San Francisco, CA 94103, USA",https://edmtrain.com/san-francisco-ca/imanu-ufo-323218,21+,2024-05-17
323287,https://d2po6uops3e7id.cloudfront.net/img/artist/Baba%20Stiltz.jpg?v=1,"Fri, May 17","Baba Stiltz, SY3, Jeremy Castillo, Mishka",Thee Parkside,"1600 17th St, San Francisco, CA 94107, USA",https://edmtrain.com/san-francisco-ca/baba-stiltz-sy3-323287,All Ages,2024-05-17
326999,https://d2po6uops3e7id.cloudfront.net/img/logo/icon-square-transparent-bg-web.svg,"Fri, May 17","DJ Tripp, MC 'The Plague' Kingfish",DNA Lounge,"375 11th St, San Francisco, CA 94103, USA",https://edmtrain.com/san-francisco-ca/dj-tripp-mc-the-plague-kingfish-326999,All Ages,2024-05-17
328203,https://d2po6uops3e7id.cloudfront.net/img/artist/DJ%20Knives.jpg?v=1,"Fri, May 17","DJ Knives, Protocol, Reverie",Hawthorn Lounge,"46 Geary St, San Francisco, CA 94108, USA",https://edmtrain.com/san-francisco-ca/dj-knives-protocol-328203,All Ages,2024-05-17
323757,https://d2po6uops3e7id.cloudfront.net/img/event/323757.jpg?v=1,"Fri, May 17",Electric Daisy Carnival (EDC Las Vegas),Live Stream,,https://edmtrain.com/live-streams/electric-daisy-carnival-edc-las-vegas-323757,All Ages,2024-05-17
316364,https://d2po6uops3e7id.cloudfront.net/img/artist/Sara%20Landry.jpg?v=1,"Sat, May 18",Sara Landry,San Francisco,"San Francisco, CA",https://edmtrain.com/san-francisco-ca/sara-landry-316364,All Ages,2024-05-18
320846,https://d2po6uops3e7id.cloudfront.net/img/artist/Luttrell.jpg?v=1,"Sat, May 18",Luttrell,Audio,"316 11th St, San Francisco, CA 94103, USA",https://edmtrain.com/san-francisco-ca/luttrell-320846,21+,2024-05-18
321520,https://d2po6uops3e7id.cloudfront.net/img/artist/David%20Harness.jpg?v=1,"Sat, May 18",David Harness,Café du Nord,"2174 Market St, San Francisco, CA 94114, USA",https://edmtrain.com/san-francisco-ca/david-harness-321520,21+,2024-05-18
309976,https://d2po6uops3e7id.cloudfront.net/img/artist/Rodriguez%20Jr..jpg?v=3,"Sat, May 18",Rodriguez Jr.,Audio,"316 11th St, San Francisco, CA 94103, USA",https://edmtrain.com/san-francisco-ca/rodriguez-jr-309976,21+,2024-05-18
322239,https://d2po6uops3e7id.cloudfront.net/img/artist/Eliza%20Rose.jpg?v=1,"Sat, May 18",Eliza Rose,San Francisco,"San Francisco, CA",https://edmtrain.com/san-francisco-ca/eliza-rose-322239,21+,2024-05-18
324365,https://d2po6uops3e7id.cloudfront.net/img/artist/The%20Kimonos.jpg?v=1,"Sat, May 18",The Kimonos,Halcyon SF,"314 11th St, San Francisco, CA 94103, USA",https://edmtrain.com/san-francisco-ca/the-kimonos-324365,21+,2024-05-18
328419,https://d2po6uops3e7id.cloudfront.net/img/artist/Skysia.jpg?v=1,"Sat, May 18","Skysia, Detre, Geometrae",Danzhaus,"1275 Connecticut St, San Francisco, CA 94107, USA",https://edmtrain.com/san-francisco-ca/skysia-detre-328419,All Ages,2024-05-18
323758,https://d2po6uops3e7id.cloudfront.net/img/event/323758.jpg?v=1,"Sat, May 18",Electric Daisy Carnival (EDC Las Vegas),Live Stream,,https://edmtrain.com/live-streams/electric-daisy-carnival-edc-las-vegas-323758,All Ages,2024-05-18
327570,https://d2po6uops3e7id.cloudfront.net/img/artist/Sunday%20Scaries.jpg?v=1,"Sun, May 19",Summertime Radness: Sunday Scaries,Phoenix Hotel,"601 Eddy St, San Francisco, CA 94109, USA",https://edmtrain.com/san-francisco-ca/summertime-radness-sunday-scaries-327570,21+,2024-05-19
323759,https://d2po6uops3e7id.cloudfront.net/img/event/323759.jpg?v=1,"Sun, May 19",Electric Daisy Carnival (EDC Las Vegas),Live Stream,,https://edmtrain.com/live-streams/electric-daisy-carnival-edc-las-vegas-323759,All Ages,2024-05-19
321123,https://d2po6uops3e7id.cloudfront.net/img/artist/Passion%20Pit.jpg?v=3,"Mon, May 20",Passion Pit,August Hall,"420 Mason St, San Francisco, CA 94102, USA",https://edmtrain.com/san-francisco-ca/passion-pit-321123,All Ages,2024-05-20
321879,https://d2po6uops3e7id.cloudfront.net/img/artist/Passion%20Pit.jpg?v=3,"Tue, May 21",Passion Pit,August Hall,"420 Mason St, San Francisco, CA 94102, USA",https://edmtrain.com/san-francisco-ca/passion-pit-321879,All Ages,2024-05-21
299629,https://d2po6uops3e7id.cloudfront.net/img/artist/Lewis%20OfMan.jpg?v=1,"Thu, May 23",Lewis OfMan,The Independent,"628 Divisadero St, San Francisco, CA 94117, USA",https://edmtrain.com/san-francisco-ca/lewis-ofman-299629,21+,2024-05-23
319611,https://d2po6uops3e7id.cloudfront.net/img/artist/Weval.jpg?v=1,"Fri, May 24",Weval,Audio,"316 11th St, San Francisco, CA 94103, USA",https://edmtrain.com/san-francisco-ca/weval-319611,21+,2024-05-24
324329,https://d2po6uops3e7id.cloudfront.net/img/artist/Chapter%20%26%20Verse.jpg?v=1,"Fri, May 24",Chapter & Verse,Halcyon SF,"314 11th St, San Francisco, CA 94103, USA",https://edmtrain.com/san-francisco-ca/chapter-and-verse-324329,21+,2024-05-24
325795,https://d2po6uops3e7id.cloudfront.net/img/artist/Tiger%20%26%20Woods.jpg?v=3,"Fri, May 24","Tiger & Woods, DJ M3, Steve Fabus, Sergio Fedasz",The Great Northern,"119 Utah St, San Francisco, CA 94103, USA",https://edmtrain.com/san-francisco-ca/tiger-and-woods-dj-m3-325795,21+,2024-05-24
326905,https://d2po6uops3e7id.cloudfront.net/img/artist/999999999.jpg?v=1,"Fri, May 24","999999999, Fatima Hajji, Perc",San Francisco,"San Francisco, CA",https://edmtrain.com/san-francisco-ca/999999999-fatima-hajji-326905,All Ages,2024-05-24
328422,https://d2po6uops3e7id.cloudfront.net/img/artist/Pangea%20Sound.jpg?v=1,"Fri, May 24","Presented by Public Works: Pangea Sound, Falcons, Joaqu.n, Sleepy Joe, Travie Bobbito, Sage",Public Works,"161 Erie St, San Francisco, CA 94103, USA",https://edmtrain.com/san-francisco-ca/presented-by-public-works-pangea-sound-328422,All Ages,2024-05-24
328882,https://d2po6uops3e7id.cloudfront.net/img/artist/The%20Element.jpg?v=1,"Fri, May 24",All I Need Events: The Element,Madarae SF,"46 Minna St, San Francisco, CA 94105, USA",https://edmtrain.com/san-francisco-ca/all-i-need-events-the-element-328882,All Ages,2024-05-24
316404,https://d2po6uops3e7id.cloudfront.net/img/artist/Liza%20Rodriguez.jpg?v=1,"Sat, May 25","Nocturnal Primetime: Liza Rodriguez, Alex Acosta",Halcyon SF,"314 11th St, San Francisco, CA 94103, USA",https://edmtrain.com/san-francisco-ca/nocturnal-primetime-liza-rodriguez-316404,All Ages,2024-05-25
321762,https://d2po6uops3e7id.cloudfront.net/img/artist/Steve%20Aoki.jpg?v=5,"Sat, May 25",Steve Aoki,The Midway,"900 Marin St, San Francisco, CA 94124, USA",https://edmtrain.com/san-francisco-ca/steve-aoki-321762,21+,2024-05-25
313101,https://d2po6uops3e7id.cloudfront.net/img/logo/icon-square-transparent-bg-web.svg,"Sat, May 25",Icarus,Audio,"316 11th St, San Francisco, CA 94103, USA",https://edmtrain.com/san-francisco-ca/icarus-313101,21+,2024-05-25
320043,https://d2po6uops3e7id.cloudfront.net/img/artist/DJ%20Dials.jpg?v=1,"Sat, May 25","DJ Dials, Skeler, ESCPE",Public Works,"161 Erie St, San Francisco, CA 94103, USA",https://edmtrain.com/san-francisco-ca/dj-dials-skeler-320043,21+,2024-05-25
316077,https://d2po6uops3e7id.cloudfront.net/img/artist/Space%20Laces.jpg?v=4,"Sun, May 26",Space Laces,1015 Folsom,"1015 Folsom St, San Francisco, CA 94103, USA",https://edmtrain.com/san-francisco-ca/space-laces-316077,21+,2024-05-26
317100,https://d2po6uops3e7id.cloudfront.net/img/artist/Jeremy%20Olander.jpg?v=3,"Sun, May 26",Jeremy Olander,Hotel VIA,"138 King St, San Francisco, CA 94107, USA",https://edmtrain.com/san-francisco-ca/jeremy-olander-317100,21+,2024-05-26
324016,https://d2po6uops3e7id.cloudfront.net/img/artist/Kyle%20Walker.jpg?v=2,"Sun, May 26",Memorial Day Boat Party: Kyle Walker,Halcyon SF,"314 11th St, San Francisco, CA 94103, USA",https://edmtrain.com/san-francisco-ca/memorial-day-boat-party-kyle-walker-324016,21+,2024-05-26
315501,https://d2po6uops3e7id.cloudfront.net/img/artist/Flamingosis.jpg?v=3,"Thu, May 30",Flamingosis,The Independent,"628 Divisadero St, San Francisco, CA 94117, USA",https://edmtrain.com/san-francisco-ca/flamingosis-315501,18+,2024-05-30
317661,https://d2po6uops3e7id.cloudfront.net/img/artist/Bakermat.jpg?v=4,"Thu, May 30",Bakermat,1015 Folsom,"1015 Folsom St, San Francisco, CA 94103, USA",https://edmtrain.com/san-francisco-ca/bakermat-317661,21+,2024-05-30
322740,https://d2po6uops3e7id.cloudfront.net/img/artist/Chase%20%26%20Status.jpg?v=3,"Thu, May 30",Chase & Status,Regency Ballroom,"1290 Sutter St, San Francisco, CA 94109, USA",https://edmtrain.com/san-francisco-ca/chase-and-status-322740,18+,2024-05-30
326942,https://d2po6uops3e7id.cloudfront.net/img/artist/Young%20Medicine.jpg?v=1,"Thu, May 30","Young Medicine, Danny Blu, Death Valley High",Bottom Of The Hill,"1233 17th St, San Francisco, CA 94107, USA",https://edmtrain.com/san-francisco-ca/young-medicine-danny-blu-326942,All Ages,2024-05-30
319724,https://d2po6uops3e7id.cloudfront.net/img/artist/Nora%20En%20Pure.jpg?v=5,"Fri, May 31",Nora En Pure,The Midway,"900 Marin St, San Francisco, CA 94124, USA",https://edmtrain.com/san-francisco-ca/nora-en-pure-319724,21+,2024-05-31
322282,https://d2po6uops3e7id.cloudfront.net/img/artist/Chase%20%26%20Status.jpg?v=3,"Fri, May 31",Chase & Status,Regency Ballroom,"1290 Sutter St, San Francisco, CA 94109, USA",https://edmtrain.com/san-francisco-ca/chase-and-status-322282,18+,2024-05-31
322385,https://d2po6uops3e7id.cloudfront.net/img/artist/Touch%20Sensitive.jpg?v=1,"Fri, May 31",Touch Sensitive,Audio,"316 11th St, San Francisco, CA 94103, USA",https://edmtrain.com/san-francisco-ca/touch-sensitive-322385,21+,2024-05-31
326372,https://d2po6uops3e7id.cloudfront.net/img/artist/Chet%20Faker.jpg?v=2,"Fri, May 31","Chet Faker, Myd",1015 Folsom,"1015 Folsom St, San Francisco, CA 94103, USA",https://edmtrain.com/san-francisco-ca/chet-faker-myd-326372,21+,2024-05-31
327185,https://d2po6uops3e7id.cloudfront.net/img/artist/Solomun.jpg?v=3,"Fri, May 31",Solomun,Gold Bar Whiskey Distillery Tasting Room,"1 Avenue of the Palms, San Francisco, CA 94130, USA",https://edmtrain.com/san-francisco-ca/solomun-327185,All Ages,2024-05-31
323913,https://d2po6uops3e7id.cloudfront.net/img/artist/BYNX.jpg?v=1,"Fri, May 31",BYNX,Halcyon SF,"314 11th St, San Francisco, CA 94103, USA",https://edmtrain.com/san-francisco-ca/bynx-323913,21+,2024-05-31
316673,https://d2po6uops3e7id.cloudfront.net/img/artist/Grum.jpg?v=3,"Sat, Jun 01","Grum, Sasheen, Andrea Grace",Audio,"316 11th St, San Francisco, CA 94103, USA",https://edmtrain.com/san-francisco-ca/grum-sasheen-316673,21+,2024-06-01
319869,https://d2po6uops3e7id.cloudfront.net/img/artist/ACRAZE.jpg?v=2,"Sat, Jun 01",Insomniac Presents: ACRAZE,The Midway,"900 Marin St, San Francisco, CA 94124, USA",https://edmtrain.com/san-francisco-ca/insomniac-presents-acraze-319869,21+,2024-06-01
321591,https://d2po6uops3e7id.cloudfront.net/img/artist/Mark%20Farina.jpg?v=3,"Sat, Jun 01","Mark Farina, Seven Davis Jr, Homero Espinosa, Colibri",Folsom Street Foundry,"1425 Folsom St, San Francisco, CA 94103, USA",https://edmtrain.com/san-francisco-ca/mark-farina-seven-davis-jr-321591,All Ages,2024-06-01
325751,https://d2po6uops3e7id.cloudfront.net/img/artist/Special%20Request.jpg?v=1,"Sat, Jun 01","Special Request, JAMAL, DJ BUCK, Tygapaw, Method One",Public Works,"161 Erie St, San Francisco, CA 94103, USA",https://edmtrain.com/san-francisco-ca/special-request-jamal-325751,All Ages,2024-06-01
328345,https://d2po6uops3e7id.cloudfront.net/img/artist/KC%20Lights.jpg?v=1,"Sat, Jun 01",KC Lights,Halcyon SF,"314 11th St, San Francisco, CA 94103, USA",https://edmtrain.com/san-francisco-ca/kc-lights-328345,21+,2024-06-01
319738,https://d2po6uops3e7id.cloudfront.net/img/artist/Purple%20Disco%20Machine.jpg?v=1,"Sun, Jun 02","Purple Disco Machine, Le Youth",Treasure Island San Francisco,"Treasure Island, San Francisco, CA 94130, USA",https://edmtrain.com/san-francisco-ca/purple-disco-machine-le-youth-319738,21+,2024-06-02
323698,https://d2po6uops3e7id.cloudfront.net/img/artist/Bensley.jpg?v=1,"Sun, Jun 02","Carry The Fire: Bensley, Justin Hawkes, Kumarion",The Midway,"900 Marin St, San Francisco, CA 94124, USA",https://edmtrain.com/san-francisco-ca/carry-the-fire-bensley-323698,All Ages,2024-06-02
324021,https://d2po6uops3e7id.cloudfront.net/img/logo/icon-square-transparent-bg-web.svg,"Sun, Jun 02",Leæther Strip,DNA Lounge,"375 11th St, San Francisco, CA 94103, USA",https://edmtrain.com/san-francisco-ca/le-ther-strip-324021,All Ages,2024-06-02
328324,https://d2po6uops3e7id.cloudfront.net/img/artist/goreshit.jpg?v=2,"Sun, Jun 02",goreshit,Milk Bar SF,"1840 Haight St, San Francisco, CA 94117, USA",https://edmtrain.com/san-francisco-ca/goreshit-328324,All Ages,2024-06-02
313789,https://d2po6uops3e7id.cloudfront.net/img/artist/Lords%20of%20Acid.jpg?v=1,"Thu, Jun 06","Lords of Acid, Praga Khan",Great American Music Hall,"859 O'Farrell St, San Francisco, CA 94109, USA",https://edmtrain.com/san-francisco-ca/lords-of-acid-praga-khan-313789,All Ages,2024-06-06
323903,https://d2po6uops3e7id.cloudfront.net/img/artist/Crankdat.jpg?v=4,"Fri, Jun 07",Bassrush Presents: Crankdat,The Midway,"900 Marin St, San Francisco, CA 94124, USA",https://edmtrain.com/san-francisco-ca/bassrush-presents-crankdat-323903,All Ages,2024-06-07
324931,https://d2po6uops3e7id.cloudfront.net/img/artist/ARTY.jpg?v=5,"Fri, Jun 07",ARTY,Audio,"316 11th St, San Francisco, CA 94103, USA",https://edmtrain.com/san-francisco-ca/arty-324931,21+,2024-06-07
325007,https://d2po6uops3e7id.cloudfront.net/img/artist/kryptogram.jpg?v=1,"Fri, Jun 07",kryptogram,1015 Folsom,"1015 Folsom St, San Francisco, CA 94103, USA",https://edmtrain.com/san-francisco-ca/kryptogram-325007,21+,2024-06-07
329677,https://d2po6uops3e7id.cloudfront.net/img/logo/icon-square-transparent-bg-web.svg,"Fri, Jun 07",Marco Lys,Halcyon SF,"314 11th St, San Francisco, CA 94103, USA",https://edmtrain.com/san-francisco-ca/marco-lys-329677,21+,2024-06-07
317040,https://d2po6uops3e7id.cloudfront.net/img/artist/Boris%20Brejcha.jpg?v=3,"Sat, Jun 08",Boris Brejcha,The Midway,"900 Marin St, San Francisco, CA 94124, USA",https://edmtrain.com/san-francisco-ca/boris-brejcha-317040,21+,2024-06-08
323572,https://d2po6uops3e7id.cloudfront.net/img/artist/WAVEDASH.jpg?v=2,"Sat, Jun 08",WAVEDASH,Cornerstone,"2367 Shattuck Ave., Berkeley, CA 94704, USA",https://edmtrain.com/san-francisco-ca/wavedash-323572,All Ages,2024-06-08
320533,https://d2po6uops3e7id.cloudfront.net/img/artist/Lee%20Burridge.jpg?v=3,"Sat, Jun 08","Lee Burridge, Roy Rosenfeld, Lost Desert",Golden Gate Park,"Golden Gate Park, San Francisco, CA",https://edmtrain.com/san-francisco-ca/lee-burridge-roy-rosenfeld-320533,All Ages,2024-06-08
328437,https://d2po6uops3e7id.cloudfront.net/img/logo/icon-square-transparent-bg-web.svg,"Sat, Jun 08",Raffa FL,Halcyon SF,"314 11th St, San Francisco, CA 94103, USA",https://edmtrain.com/san-francisco-ca/raffa-fl-328437,21+,2024-06-08
318618,https://d2po6uops3e7id.cloudfront.net/img/artist/%C5%81aszewo.jpg?v=1,"Sun, Jun 09",Summertime Radness: Łaszewo,Phoenix Hotel,"601 Eddy St, San Francisco, CA 94109, USA",https://edmtrain.com/san-francisco-ca/summertime-radness-aszewo-318618,21+,2024-06-09
310001,https://d2po6uops3e7id.cloudfront.net/img/artist/Martin%20Garrix.jpg?v=4,"Wed, Jun 12",Martin Garrix,Bill Graham Civic Auditorium,"99 Grove St, San Francisco, CA 94102, USA",https://edmtrain.com/san-francisco-ca/martin-garrix-310001,All Ages,2024-06-12
309028,https://d2po6uops3e7id.cloudfront.net/img/artist/Martin%20Garrix.jpg?v=4,"Thu, Jun 13",Martin Garrix,Bill Graham Civic Auditorium,"99 Grove St, San Francisco, CA 94102, USA",https://edmtrain.com/san-francisco-ca/martin-garrix-309028,18+,2024-06-13
323597,https://d2po6uops3e7id.cloudfront.net/img/artist/ODESZA.jpg?v=3,"Thu, Jun 13","The Last Goodbye Finale: ODESZA, Blu DeTiger, Golden Features",Greek Theatre Berkeley,"2001 Gayley Rd, Berkeley, CA 94720, USA",https://edmtrain.com/san-francisco-ca/the-last-goodbye-finale-odesza-323597,All Ages,2024-06-13
309896,https://d2po6uops3e7id.cloudfront.net/img/artist/Martin%20Garrix.jpg?v=4,"Fri, Jun 14",Martin Garrix,Bill Graham Civic Auditorium,"99 Grove St, San Francisco, CA 94102, USA",https://edmtrain.com/san-francisco-ca/martin-garrix-309896,18+,2024-06-14
322249,https://d2po6uops3e7id.cloudfront.net/img/artist/Habstrakt.jpg?v=5,"Fri, Jun 14",Insomniac Presents: Habstrakt,The Midway,"900 Marin St, San Francisco, CA 94124, USA",https://edmtrain.com/san-francisco-ca/insomniac-presents-habstrakt-322249,21+,2024-06-14
324067,https://d2po6uops3e7id.cloudfront.net/img/artist/ODESZA.jpg?v=3,"Fri, Jun 14","The Last Goodbye Finale: ODESZA, Blu DeTiger, Golden Features",Greek Theatre Berkeley,"2001 Gayley Rd, Berkeley, CA 94720, USA",https://edmtrain.com/san-francisco-ca/the-last-goodbye-finale-odesza-324067,All Ages,2024-06-14
326265,https://d2po6uops3e7id.cloudfront.net/img/artist/Joezi.jpg?v=1,"Fri, Jun 14",Safra & Cloud9 Present: Joezi,Harlot,"46 Minna St, San Francisco, CA 94105, USA",https://edmtrain.com/san-francisco-ca/safra-and-cloud9-present-joezi-326265,All Ages,2024-06-14
329634,https://d2po6uops3e7id.cloudfront.net/img/artist/GoGo%20Penguin.jpg?v=1,"Fri, Jun 14",GoGo Penguin,Miner Auditorium at SFJAZZ,"201 Franklin St, San Francisco, CA 94102, USA",https://edmtrain.com/san-francisco-ca/gogo-penguin-329634,All Ages,2024-06-14
328382,https://d2po6uops3e7id.cloudfront.net/img/artist/Matt%20Sassari.jpg?v=3,"Fri, Jun 14",Matt Sassari,Halcyon SF,"314 11th St, San Francisco, CA 94103, USA",https://edmtrain.com/san-francisco-ca/matt-sassari-328382,21+,2024-06-14
309897,https://d2po6uops3e7id.cloudfront.net/img/artist/Martin%20Garrix.jpg?v=4,"Sat, Jun 15",Martin Garrix,Bill Graham Civic Auditorium,"99 Grove St, San Francisco, CA 94102, USA",https://edmtrain.com/san-francisco-ca/martin-garrix-309897,18+,2024-06-15
312155,https://d2po6uops3e7id.cloudfront.net/img/artist/Jerro.jpg?v=1,"Sat, Jun 15",Jerro,San Francisco Mint,"88 5th St, San Francisco, CA 94103, USA",https://edmtrain.com/san-francisco-ca/jerro-312155,21+,2024-06-15
318157,https://d2po6uops3e7id.cloudfront.net/img/artist/Bag%20Raiders.jpg?v=3,"Sat, Jun 15",Bag Raiders,The Midway,"900 Marin St, San Francisco, CA 94124, USA",https://edmtrain.com/san-francisco-ca/bag-raiders-318157,21+,2024-06-15
321140,https://d2po6uops3e7id.cloudfront.net/img/artist/Mystery%20Skulls.jpg?v=1,"Sat, Jun 15",Mystery Skulls,Café du Nord,"2174 Market St, San Francisco, CA 94114, USA",https://edmtrain.com/san-francisco-ca/mystery-skulls-321140,21+,2024-06-15
313061,https://d2po6uops3e7id.cloudfront.net/img/artist/INFEKT.jpg?v=5,"Sat, Jun 15","INFEKT, Automhate, MAD DUBZ",DNA Lounge,"375 11th St, San Francisco, CA 94103, USA",https://edmtrain.com/san-francisco-ca/infekt-automhate-313061,All Ages,2024-06-15
325357,https://d2po6uops3e7id.cloudfront.net/img/artist/Bonobo.jpg?v=3,"Sat, Jun 15",Bonobo,The Hibernia,"1 Jones St, San Francisco, CA 94102, USA",https://edmtrain.com/san-francisco-ca/bonobo-325357,All Ages,2024-06-15
325895,https://d2po6uops3e7id.cloudfront.net/img/artist/KLOUD.jpg?v=1,"Sat, Jun 15",KLOUD,Halcyon SF,"314 11th St, San Francisco, CA 94103, USA",https://edmtrain.com/san-francisco-ca/kloud-325895,21+,2024-06-15
329286,https://d2po6uops3e7id.cloudfront.net/img/artist/Chaos%20In%20The%20CBD.jpg?v=3,"Sat, Jun 15","Chaos In The CBD, Jex Opolis, Jeremy Castillo, new nostalgia",Public Works,"161 Erie St, San Francisco, CA 94103, USA",https://edmtrain.com/san-francisco-ca/chaos-in-the-cbd-jex-opolis-329286,21+,2024-06-15
329561,https://d2po6uops3e7id.cloudfront.net/img/artist/Peace%20Sine.jpg?v=1,"Sat, Jun 15",Peace Sine,The Center SF,"548 Fillmore St, San Francisco, CA 94117, USA",https://edmtrain.com/san-francisco-ca/peace-sine-329561,All Ages,2024-06-15
320422,https://d2po6uops3e7id.cloudfront.net/img/artist/Catching%20Flies.jpg?v=2,"Sun, Jun 16",Catching Flies,The Midway,"900 Marin St, San Francisco, CA 94124, USA",https://edmtrain.com/san-francisco-ca/catching-flies-320422,21+,2024-06-16
313720,https://d2po6uops3e7id.cloudfront.net/img/artist/Dom%20Dolla.jpg?v=1,"Fri, Jun 21",Dom Dolla,Bill Graham Civic Auditorium,"99 Grove St, San Francisco, CA 94102, USA",https://edmtrain.com/san-francisco-ca/dom-dolla-313720,18+,2024-06-21
326753,https://d2po6uops3e7id.cloudfront.net/img/artist/Jengi.jpg?v=1,"Fri, Jun 21",Jengi,1015 Folsom,"1015 Folsom St, San Francisco, CA 94103, USA",https://edmtrain.com/san-francisco-ca/jengi-326753,21+,2024-06-21
321700,https://d2po6uops3e7id.cloudfront.net/img/artist/Francis%20Mercier.jpg?v=4,"Fri, Jun 21","PW Presents: Francis Mercier, Classy Touch, Juan G, Koko, Tiedye Trippin, Auguste",Public Works,"161 Erie St, San Francisco, CA 94103, USA",https://edmtrain.com/san-francisco-ca/pw-presents-francis-mercier-321700,21+,2024-06-21
328679,https://d2po6uops3e7id.cloudfront.net/img/artist/Player%20Dave.jpg?v=2,"Fri, Jun 21",Player Dave,Monarch SF,"101 6th St, San Francisco, CA 94103, USA",https://edmtrain.com/san-francisco-ca/player-dave-328679,21+,2024-06-21
328650,https://d2po6uops3e7id.cloudfront.net/img/artist/Hannah%20Wants.jpg?v=3,"Fri, Jun 21",Hannah Wants,Halcyon SF,"314 11th St, San Francisco, CA 94103, USA",https://edmtrain.com/san-francisco-ca/hannah-wants-328650,21+,2024-06-21
312407,https://d2po6uops3e7id.cloudfront.net/img/artist/Dom%20Dolla.jpg?v=1,"Sat, Jun 22",Dom Dolla,Frost Amphitheater at Stanford,"365 Lasuen St, Stanford, CA 94305",https://edmtrain.com/san-francisco-ca/dom-dolla-312407,18+,2024-06-22
325143,https://d2po6uops3e7id.cloudfront.net/img/artist/Yotto.jpg?v=3,"Sat, Jun 22",Yotto,SVN West Rooftop,"10 Van Ness Ave, San Francisco, CA 94102, USA",https://edmtrain.com/san-francisco-ca/yotto-325143,All Ages,2024-06-22
326082,https://d2po6uops3e7id.cloudfront.net/img/event/326082.jpg?v=1,"Sat, Jun 22",Dirty Not Sorry Pres: Juush,Bergerac,"316 11th St, San Francisco, CA 94103, USA",https://edmtrain.com/san-francisco-ca/dirty-not-sorry-pres-juush-326082,All Ages,2024-06-22
328188,https://d2po6uops3e7id.cloudfront.net/img/artist/Cosmic%20Gate.jpg?v=3,"Sat, Jun 22",Cosmic Gate,The Midway,"900 Marin St, San Francisco, CA 94124, USA",https://edmtrain.com/san-francisco-ca/cosmic-gate-328188,All Ages,2024-06-22
329685,https://d2po6uops3e7id.cloudfront.net/img/artist/Ramiro%20Lopez.jpg?v=1,"Sat, Jun 22",Ramiro Lopez,Halcyon SF,"314 11th St, San Francisco, CA 94103, USA",https://edmtrain.com/san-francisco-ca/ramiro-lopez-329685,21+,2024-06-22
327571,https://d2po6uops3e7id.cloudfront.net/img/artist/Surf%20Mesa.jpg?v=1,"Sun, Jun 23",Summertime Radness: Surf Mesa,Phoenix Hotel,"601 Eddy St, San Francisco, CA 94109, USA",https://edmtrain.com/san-francisco-ca/summertime-radness-surf-mesa-327571,21+,2024-06-23
328909,https://d2po6uops3e7id.cloudfront.net/img/artist/Moore%20Kismet.jpg?v=3,"Thu, Jun 27",Moore Kismet,1015 Folsom,"1015 Folsom St, San Francisco, CA 94103, USA",https://edmtrain.com/san-francisco-ca/moore-kismet-328909,21+,2024-06-27
326444,https://d2po6uops3e7id.cloudfront.net/img/artist/Nick%20Warren.jpg?v=3,"Fri, Jun 28",Nick Warren,Audio,"316 11th St, San Francisco, CA 94103, USA",https://edmtrain.com/san-francisco-ca/nick-warren-326444,21+,2024-06-28
329568,https://d2po6uops3e7id.cloudfront.net/img/artist/Rafa%20Barrios.jpg?v=2,"Fri, Jun 28",Rafa Barrios,Halcyon SF,"314 11th St, San Francisco, CA 94103, USA",https://edmtrain.com/san-francisco-ca/rafa-barrios-329568,21+,2024-06-28
314226,https://d2po6uops3e7id.cloudfront.net/img/artist/Noizu.jpg?v=2,"Sat, Jun 29","Space Yacht SF: Noizu, Joshwa, Saffron Stone, DEM2, Space Yacht",SVN West Rooftop,"10 Van Ness Ave, San Francisco, CA 94102, USA",https://edmtrain.com/san-francisco-ca/space-yacht-sf-noizu-314226,All Ages,2024-06-29
321458,https://d2po6uops3e7id.cloudfront.net/img/artist/Above%20%26%20Beyond.jpg?v=3,"Sat, Jun 29","Above & Beyond, Ilan Bluestone",The Midway,"900 Marin St, San Francisco, CA 94124, USA",https://edmtrain.com/san-francisco-ca/above-and-beyond-ilan-bluestone-321458,21+,2024-06-29
325375,https://d2po6uops3e7id.cloudfront.net/img/artist/Cosmo%27s%20Midnight.jpg?v=3,"Sat, Jun 29",Cosmo's Midnight,The Independent,"628 Divisadero St, San Francisco, CA 94117, USA",https://edmtrain.com/san-francisco-ca/cosmos-midnight-325375,21+,2024-06-29
327728,https://d2po6uops3e7id.cloudfront.net/img/artist/Anabel%20Englund.jpg?v=4,"Sat, Jun 29",Anabel Englund,Audio,"316 11th St, San Francisco, CA 94103, USA",https://edmtrain.com/san-francisco-ca/anabel-englund-327728,21+,2024-06-29
314818,https://d2po6uops3e7id.cloudfront.net/img/logo/icon-square-transparent-bg-web.svg,"Sat, Jun 29",Polyglamorous Pink Block,The Great Northern,"119 Utah St, San Francisco, CA 94103, USA",https://edmtrain.com/san-francisco-ca/polyglamorous-pink-block-314818,21+,2024-06-29
329559,https://d2po6uops3e7id.cloudfront.net/img/artist/Oxia.jpg?v=1,"Sat, Jun 29",Oxia,Halcyon SF,"314 11th St, San Francisco, CA 94103, USA",https://edmtrain.com/san-francisco-ca/oxia-329559,21+,2024-06-29
302390,https://d2po6uops3e7id.cloudfront.net/img/artist/Nina%20Flowers.jpg?v=1,"Sun, Jun 30","Nina Flowers, Arno Diem",DNA Lounge,"375 11th St, San Francisco, CA 94103, USA",https://edmtrain.com/san-francisco-ca/nina-flowers-arno-diem-302390,All Ages,2024-06-30
319491,https://d2po6uops3e7id.cloudfront.net/img/logo/icon-square-transparent-bg-web.svg,"Wed, Jul 03",Toxic Summer,The Midway,"900 Marin St, San Francisco, CA 94124, USA",https://edmtrain.com/san-francisco-ca/toxic-summer-319491,21+,2024-07-03
324818,https://d2po6uops3e7id.cloudfront.net/img/artist/Afrojack.jpg?v=4,"Thu, Jul 04",Afrojack,The Midway,"900 Marin St, San Francisco, CA 94124, USA",https://edmtrain.com/san-francisco-ca/afrojack-324818,All Ages,2024-07-04
328011,https://d2po6uops3e7id.cloudfront.net/img/artist/Alesso.jpg?v=5,"Sat, Jul 06",ILLUM: Alesso,The Midway,"900 Marin St, San Francisco, CA 94124, USA",https://edmtrain.com/san-francisco-ca/illum-alesso-328011,All Ages,2024-07-06
315983,https://d2po6uops3e7id.cloudfront.net/img/artist/Jauz.jpg?v=4,"Thu, Jul 11",Jauz,1015 Folsom,"1015 Folsom St, San Francisco, CA 94103, USA",https://edmtrain.com/san-francisco-ca/jauz-315983,21+,2024-07-11
319447,https://d2po6uops3e7id.cloudfront.net/img/artist/Machinedrum.jpg?v=3,"Thu, Jul 11",Machinedrum,Public Works,"161 Erie St, San Francisco, CA 94103, USA",https://edmtrain.com/san-francisco-ca/machinedrum-319447,21+,2024-07-11
315984,https://d2po6uops3e7id.cloudfront.net/img/artist/Jauz.jpg?v=4,"Fri, Jul 12","Jauz, Gudfella",1015 Folsom,"1015 Folsom St, San Francisco, CA 94103, USA",https://edmtrain.com/san-francisco-ca/jauz-gudfella-315984,21+,2024-07-12
328993,https://d2po6uops3e7id.cloudfront.net/img/artist/BONNIE%20X%20CLYDE.jpg?v=4,"Sat, Jul 13",BONNIE X CLYDE,Public Works,"161 Erie St, San Francisco, CA 94103, USA",https://edmtrain.com/san-francisco-ca/bonnie-x-clyde-328993,All Ages,2024-07-13
327572,https://d2po6uops3e7id.cloudfront.net/img/artist/OMNOM.jpg?v=1,"Sun, Jul 14",Summertime Radness: OMNOM,Phoenix Hotel,"601 Eddy St, San Francisco, CA 94109, USA",https://edmtrain.com/san-francisco-ca/summertime-radness-omnom-327572,21+,2024-07-14
310188,https://d2po6uops3e7id.cloudfront.net/img/artist/Kaivon.jpg?v=1,"Fri, Jul 19",Kaivon,The Midway,"900 Marin St, San Francisco, CA 94124, USA",https://edmtrain.com/san-francisco-ca/kaivon-310188,21+,2024-07-19
327914,https://d2po6uops3e7id.cloudfront.net/img/artist/Mita%20Gami.jpg?v=1,"Fri, Jul 19",Mita Gami,Harlot,"46 Minna St, San Francisco, CA 94105, USA",https://edmtrain.com/san-francisco-ca/mita-gami-327914,21+,2024-07-19
318126,https://d2po6uops3e7id.cloudfront.net/img/artist/Township%20Rebellion.jpg?v=1,"Sat, Jul 20",Township Rebellion,San Francisco Mint,"88 5th St, San Francisco, CA 94103, USA",https://edmtrain.com/san-francisco-ca/township-rebellion-318126,21+,2024-07-20
324009,https://d2po6uops3e7id.cloudfront.net/img/artist/Jungle%20Fire.jpg?v=1,"Sat, Jul 20",Jungle Fire,Brick & Mortar Music Hall,"1710 Mission St, San Francisco, CA 94103, USA",https://edmtrain.com/san-francisco-ca/jungle-fire-324009,21+,2024-07-20
327573,https://d2po6uops3e7id.cloudfront.net/img/artist/Chlo%C3%A9%20Caillet.jpg?v=1,"Sun, Jul 21",Summertime Radness: Chloé Caillet,Phoenix Hotel,"601 Eddy St, San Francisco, CA 94109, USA",https://edmtrain.com/san-francisco-ca/summertime-radness-chloe-caillet-327573,21+,2024-07-21
323973,https://d2po6uops3e7id.cloudfront.net/img/artist/Genix.jpg?v=1,"Fri, Jul 26",Genix,Audio,"316 11th St, San Francisco, CA 94103, USA",https://edmtrain.com/san-francisco-ca/genix-323973,All Ages,2024-07-26
325353,https://d2po6uops3e7id.cloudfront.net/img/artist/Hedex.jpg?v=1,"Fri, Jul 26",MHITR SF: Hedex,The Midway,"900 Marin St, San Francisco, CA 94124, USA",https://edmtrain.com/san-francisco-ca/mhitr-sf-hedex-325353,All Ages,2024-07-26
324351,https://d2po6uops3e7id.cloudfront.net/img/logo/icon-square-transparent-bg-web.svg,"Fri, Jul 26",Fog City Pack Presents,Club Six,"60 6th St, San Francisco, CA 94103, USA",https://edmtrain.com/san-francisco-ca/fog-city-pack-presents-324351,All Ages,2024-07-26
327860,https://d2po6uops3e7id.cloudfront.net/img/artist/MACROSS%2082-99.jpg?v=1,"Fri, Jul 26","MACROSS 82-99, Vantage, Engelwood",August Hall,"420 Mason St, San Francisco, CA 94102, USA",https://edmtrain.com/san-francisco-ca/macross-82-99-vantage-327860,21+,2024-07-26
315897,https://d2po6uops3e7id.cloudfront.net/img/logo/icon-square-transparent-bg-web.svg,"Sat, Jul 27","Big Muscle Party - UYA Edition: Paul Goodyear, Bare Chest Calendar Men",DNA Lounge,"375 11th St, San Francisco, CA 94103, USA",https://edmtrain.com/san-francisco-ca/big-muscle-party-uya-edition-paul-goodyear-315897,All Ages,2024-07-27
327574,https://d2po6uops3e7id.cloudfront.net/img/artist/Major%20League%20DJz.jpg?v=1,"Sat, Jul 27",Summertime Radness: Major League DJz,Phoenix Hotel,"601 Eddy St, San Francisco, CA 94109, USA",https://edmtrain.com/san-francisco-ca/summertime-radness-major-league-djz-327574,21+,2024-07-27
327931,https://d2po6uops3e7id.cloudfront.net/img/artist/Major%20League%20DJz.jpg?v=1,"Sun, Jul 28",Summertime Radness: Major League DJz,Phoenix Hotel,"601 Eddy St, San Francisco, CA 94109, USA",https://edmtrain.com/san-francisco-ca/summertime-radness-major-league-djz-327931,21+,2024-07-28
320335,https://d2po6uops3e7id.cloudfront.net/img/artist/Justin%20Martin.jpg?v=3,"Sat, Aug 03",What To Do...: Justin Martin,Folsom Street Foundry,"1425 Folsom St, San Francisco, CA 94103, USA",https://edmtrain.com/san-francisco-ca/what-to-do-justin-martin-320335,21+,2024-08-03
327575,https://d2po6uops3e7id.cloudfront.net/img/artist/Interplanetary%20Criminal.jpg?v=2,"Sun, Aug 04",Summertime Radness: Interplanetary Criminal,Phoenix Hotel,"601 Eddy St, San Francisco, CA 94109, USA",https://edmtrain.com/san-francisco-ca/summertime-radness-interplanetary-criminal-327575,21+,2024-08-04
311226,https://d2po6uops3e7id.cloudfront.net/img/logo/icon-square-transparent-bg-web.svg,"Fri, Aug 09",Outside Lands Music Festival,Golden Gate Park,"Golden Gate Park, San Francisco, CA",https://edmtrain.com/san-francisco-ca/outside-lands-music-festival-311226,All Ages,2024-08-09
311227,https://d2po6uops3e7id.cloudfront.net/img/logo/icon-square-transparent-bg-web.svg,"Sat, Aug 10",Outside Lands Music Festival,Golden Gate Park,"Golden Gate Park, San Francisco, CA",https://edmtrain.com/san-francisco-ca/outside-lands-music-festival-311227,All Ages,2024-08-10
311228,https://d2po6uops3e7id.cloudfront.net/img/logo/icon-square-transparent-bg-web.svg,"Sun, Aug 11",Outside Lands Music Festival,Golden Gate Park,"Golden Gate Park, San Francisco, CA",https://edmtrain.com/san-francisco-ca/outside-lands-music-festival-311228,All Ages,2024-08-11
327576,https://d2po6uops3e7id.cloudfront.net/img/artist/Full%20Crate.jpg?v=1,"Sun, Aug 18",Summertime Radness: Full Crate,Phoenix Hotel,"601 Eddy St, San Francisco, CA 94109, USA",https://edmtrain.com/san-francisco-ca/summertime-radness-full-crate-327576,21+,2024-08-18
329451,https://d2po6uops3e7id.cloudfront.net/img/artist/ASADI.jpg?v=1,"Thu, Aug 22","ASADI, Xye",The Independent,"628 Divisadero St, San Francisco, CA 94117, USA",https://edmtrain.com/san-francisco-ca/asadi-xye-329451,All Ages,2024-08-22
326635,https://d2po6uops3e7id.cloudfront.net/img/artist/Amtrac.jpg?v=3,"Fri, Aug 23",Amtrac,1015 Folsom,"1015 Folsom St, San Francisco, CA 94103, USA",https://edmtrain.com/san-francisco-ca/amtrac-326635,21+,2024-08-23
323480,https://d2po6uops3e7id.cloudfront.net/img/event/323480.jpg?v=1,"Sat, Aug 24",OG Trap Tour: Yellow Claw b2b Flosstradamus,Bill Graham Civic Auditorium,"99 Grove St, San Francisco, CA 94102, USA",https://edmtrain.com/san-francisco-ca/og-trap-tour-yellow-claw-323480,All Ages,2024-08-24
329523,https://d2po6uops3e7id.cloudfront.net/img/artist/DJ%20Boring.jpg?v=2,"Sat, Aug 24",DJ Boring,Audio,"316 11th St, San Francisco, CA 94103, USA",https://edmtrain.com/san-francisco-ca/dj-boring-329523,21+,2024-08-24
327598,https://d2po6uops3e7id.cloudfront.net/img/artist/Barely%20Alive.jpg?v=4,"Sat, Aug 31",Barely Alive,The Midway,"900 Marin St, San Francisco, CA 94124, USA",https://edmtrain.com/san-francisco-ca/barely-alive-327598,All Ages,2024-08-31
327577,https://d2po6uops3e7id.cloudfront.net/img/artist/Sigala.jpg?v=3,"Sat, Aug 31",Summertime Radness: Sigala,Phoenix Hotel,"601 Eddy St, San Francisco, CA 94109, USA",https://edmtrain.com/san-francisco-ca/summertime-radness-sigala-327577,21+,2024-08-31
328535,https://d2po6uops3e7id.cloudfront.net/img/artist/Thievery%20Corporation.jpg?v=3,"Sat, Sep 07","Thievery Corporation, Nightmares On Wax",The Midway,"900 Marin St, San Francisco, CA 94124, USA",https://edmtrain.com/san-francisco-ca/thievery-corporation-nightmares-on-wax-328535,All Ages,2024-09-07
321828,https://d2po6uops3e7id.cloudfront.net/img/artist/Diplo.jpg?v=4,"Sun, Sep 08",Diplo's Run Club: Diplo,San Francisco,"San Francisco, CA",https://edmtrain.com/san-francisco-ca/diplos-run-club-diplo-321828,All Ages,2024-09-08
315259,https://d2po6uops3e7id.cloudfront.net/img/artist/Chromeo.jpg?v=3,"Wed, Sep 11","Chromeo, The Midnight, Ruth Radelet",The Warfield,"982 Market St, San Francisco, CA 94102, USA",https://edmtrain.com/san-francisco-ca/chromeo-the-midnight-315259,All Ages,2024-09-11
317711,https://d2po6uops3e7id.cloudfront.net/img/artist/Front%20242.jpg?v=1,"Sun, Sep 15","Front 242, Spike Hellis",Great American Music Hall,"859 O'Farrell St, San Francisco, CA 94109, USA",https://edmtrain.com/san-francisco-ca/front-242-spike-hellis-317711,All Ages,2024-09-15
324831,https://d2po6uops3e7id.cloudfront.net/img/artist/Vulfpeck.jpg?v=1,"Wed, Sep 18",Vulfpeck,UC Theatre,"2036 University Ave, Berkeley, CA 94704, USA",https://edmtrain.com/san-francisco-ca/vulfpeck-324831,All Ages,2024-09-18
324832,https://d2po6uops3e7id.cloudfront.net/img/artist/Vulfpeck.jpg?v=1,"Wed, Sep 18",Vulfpeck,UC Theatre,"2036 University Ave, Berkeley, CA 94704, USA",https://edmtrain.com/san-francisco-ca/vulfpeck-324832,All Ages,2024-09-18
324833,https://d2po6uops3e7id.cloudfront.net/img/artist/Vulfpeck.jpg?v=1,"Thu, Sep 19",Vulfpeck,UC Theatre,"2036 University Ave, Berkeley, CA 94704, USA",https://edmtrain.com/san-francisco-ca/vulfpeck-324833,All Ages,2024-09-19
324834,https://d2po6uops3e7id.cloudfront.net/img/artist/Vulfpeck.jpg?v=1,"Thu, Sep 19",Vulfpeck,UC Theatre,"2036 University Ave, Berkeley, CA 94704, USA",https://edmtrain.com/san-francisco-ca/vulfpeck-324834,All Ages,2024-09-19
324835,https://d2po6uops3e7id.cloudfront.net/img/artist/Vulfpeck.jpg?v=1,"Fri, Sep 20",Vulfpeck,UC Theatre,"2036 University Ave, Berkeley, CA 94704, USA",https://edmtrain.com/san-francisco-ca/vulfpeck-324835,All Ages,2024-09-20
324836,https://d2po6uops3e7id.cloudfront.net/img/artist/Vulfpeck.jpg?v=1,"Fri, Sep 20",Vulfpeck,UC Theatre,"2036 University Ave, Berkeley, CA 94704, USA",https://edmtrain.com/san-francisco-ca/vulfpeck-324836,All Ages,2024-09-20
321701,https://d2po6uops3e7id.cloudfront.net/img/artist/Infected%20Mushroom.jpg?v=4,"Sat, Sep 21",Dreamstate Presents: Infected Mushroom,Public Works,"161 Erie St, San Francisco, CA 94103, USA",https://edmtrain.com/san-francisco-ca/dreamstate-presents-infected-mushroom-321701,21+,2024-09-21
325424,https://d2po6uops3e7id.cloudfront.net/img/artist/Giol%C3%AC%20%26%20Assia.jpg?v=1,"Sat, Sep 21",Giolì & Assia,Regency Ballroom,"1290 Sutter St, San Francisco, CA 94109, USA",https://edmtrain.com/san-francisco-ca/gioli-and-assia-325424,18+,2024-09-21
320879,https://d2po6uops3e7id.cloudfront.net/img/artist/L%27Imp%C3%A9ratrice.jpg?v=1,"Tue, Sep 24",L'Impératrice,Fox Theater Oakland,"1807 Telegraph Ave, Oakland, CA 94612, USA",https://edmtrain.com/san-francisco-ca/limperatrice-320879,All Ages,2024-09-24
323592,https://d2po6uops3e7id.cloudfront.net/img/artist/L%27Imp%C3%A9ratrice.jpg?v=1,"Wed, Sep 25",L'Impératrice,Fox Theater Oakland,"1807 Telegraph Ave, Oakland, CA 94612, USA",https://edmtrain.com/san-francisco-ca/limperatrice-323592,All Ages,2024-09-25
326904,https://d2po6uops3e7id.cloudfront.net/img/artist/Horse%20Meat%20Disco.jpg?v=3,"Fri, Sep 27",Horse Meat Disco,Public Works,"161 Erie St, San Francisco, CA 94103, USA",https://edmtrain.com/san-francisco-ca/horse-meat-disco-326904,21+,2024-09-27
325216,https://d2po6uops3e7id.cloudfront.net/img/logo/icon-square-transparent-bg-web.svg,"Sat, Sep 28",Alex Galdino,DNA Lounge,"375 11th St, San Francisco, CA 94103, USA",https://edmtrain.com/san-francisco-ca/alex-galdino-325216,All Ages,2024-09-28
327136,https://d2po6uops3e7id.cloudfront.net/img/artist/Parra%20For%20Cuva.jpg?v=1,"Thu, Oct 03",Parra For Cuva,Great American Music Hall,"859 O'Farrell St, San Francisco, CA 94109, USA",https://edmtrain.com/san-francisco-ca/parra-for-cuva-327136,All Ages,2024-10-03
329596,https://d2po6uops3e7id.cloudfront.net/img/artist/sega%20bodega.jpg?v=1,"Thu, Oct 03",sega bodega,1015 Folsom,"1015 Folsom St, San Francisco, CA 94103, USA",https://edmtrain.com/san-francisco-ca/sega-bodega-329596,21+,2024-10-03
328931,https://d2po6uops3e7id.cloudfront.net/img/artist/Kygo.jpg?v=4,"Fri, Oct 04","Kygo, Zara Larsson, Vandelux",Chase Center,"500 Terry A Francois Blvd, San Francisco, CA 94158, USA",https://edmtrain.com/san-francisco-ca/kygo-zara-larsson-328931,All Ages,2024-10-04
302217,https://d2po6uops3e7id.cloudfront.net/img/logo/icon-square-transparent-bg-web.svg,"Fri, Oct 25",Breakaway Music Festival,Bill Graham Civic Auditorium,"99 Grove St, San Francisco, CA 94102, USA",https://edmtrain.com/san-francisco-ca/breakaway-music-festival-302217,All Ages,2024-10-25
312628,https://d2po6uops3e7id.cloudfront.net/img/logo/icon-square-transparent-bg-web.svg,"Sat, Oct 26",Breakaway Music Festival,Bill Graham Civic Auditorium,"99 Grove St, San Francisco, CA 94102, USA",https://edmtrain.com/san-francisco-ca/breakaway-music-festival-312628,All Ages,2024-10-26
323561,https://d2po6uops3e7id.cloudfront.net/img/artist/Alan%20Walker.jpg?v=3,"Thu, Oct 31",Horror House: Alan Walker,Bill Graham Civic Auditorium,"99 Grove St, San Francisco, CA 94102, USA",https://edmtrain.com/san-francisco-ca/horror-house-alan-walker-323561,18+,2024-10-31
329292,https://d2po6uops3e7id.cloudfront.net/img/artist/Marc%20Rebillet.jpg?v=1,"Thu, Oct 31",Marc Rebillet,Regency Ballroom,"1290 Sutter St, San Francisco, CA 94109, USA",https://edmtrain.com/san-francisco-ca/marc-rebillet-329292,All Ages,2024-10-31
329293,https://d2po6uops3e7id.cloudfront.net/img/artist/Marc%20Rebillet.jpg?v=1,"Fri, Nov 01",Marc Rebillet,Regency Ballroom,"1290 Sutter St, San Francisco, CA 94109, USA",https://edmtrain.com/san-francisco-ca/marc-rebillet-329293,All Ages,2024-11-01
321007,https://d2po6uops3e7id.cloudfront.net/img/artist/R%C3%B3is%C3%ADn%20Murphy.jpg?v=3,"Sat, Nov 09",Róisín Murphy,The Warfield,"982 Market St, San Francisco, CA 94102, USA",https://edmtrain.com/san-francisco-ca/roisin-murphy-321007,All Ages,2024-11-09
324939,https://d2po6uops3e7id.cloudfront.net/img/artist/Becky%20Hill.jpg?v=1,"Sat, Nov 09",Becky Hill,Fillmore SF,"1805 Geary Blvd, San Francisco, CA 94115, USA",https://edmtrain.com/san-francisco-ca/becky-hill-324939,All Ages,2024-11-09
326739,https://d2po6uops3e7id.cloudfront.net/img/artist/Becky%20Hill.jpg?v=1,"Sun, Nov 10",Becky Hill,UC Theatre,"2036 University Ave, Berkeley, CA 94704, USA",https://edmtrain.com/san-francisco-ca/becky-hill-326739,All Ages,2024-11-10
321158,https://d2po6uops3e7id.cloudfront.net/img/artist/STS9.jpg?v=3,"Fri, Nov 15",STS9,Fox Theater Oakland,"1807 Telegraph Ave, Oakland, CA 94612, USA",https://edmtrain.com/san-francisco-ca/sts9-321158,All Ages,2024-11-15
327772,https://d2po6uops3e7id.cloudfront.net/img/logo/icon-square-transparent-bg-web.svg,"Fri, Nov 15",Kiasmos,1015 Folsom,"1015 Folsom St, San Francisco, CA 94103, USA",https://edmtrain.com/san-francisco-ca/kiasmos-327772,21+,2024-11-15
321159,https://d2po6uops3e7id.cloudfront.net/img/artist/STS9.jpg?v=3,"Sat, Nov 16",STS9,Fox Theater Oakland,"1807 Telegraph Ave, Oakland, CA 94612, USA",https://edmtrain.com/san-francisco-ca/sts9-321159,All Ages,2024-11-16
